{
  "gain": 0.0,
  "final_vl": 4.54859375,
  "steps": [
    0,
    500,
    1000,
    2000,
    4000,
    8000,
    12000,
    20000,
    30000,
    40000,
    48829
  ],
  "val_losses": [
    10.811875,
    6.2765625,
    5.8359375,
    5.424375,
    5.1803125,
    4.9428125,
    4.824375,
    4.6996875,
    4.6,
    4.5540625,
    4.54859375
  ],
  "elapsed": [
    0.16209547917048137,
    0.8371284763018291,
    1.5148133436838787,
    2.8218328237533568,
    5.388593463102977,
    10.459192721048991,
    15.934743150075276,
    26.151375353336334,
    38.77080945173899,
    51.394713060061136,
    62.84797782103221
  ],
  "wall": 3771.9133789539337
}
