{
  "gain": 0.0,
  "final_vl": 5.015,
  "steps": [
    0,
    2000,
    4000,
    6000,
    8000,
    10000,
    12000,
    14000,
    16000,
    18000,
    20000,
    22000,
    24000,
    26000,
    28000,
    30000,
    32000,
    34000,
    36000,
    38000,
    40000,
    42000,
    44000,
    46000,
    48000,
    48829
  ],
  "val_losses": [
    10.811875,
    5.443125,
    5.251875,
    5.1875,
    5.1475,
    5.1215625,
    5.105625,
    5.093125,
    5.075,
    5.07375,
    5.06,
    5.05,
    5.05375,
    5.0428125,
    5.03875,
    5.0309375,
    5.02875,
    5.031875,
    5.02875,
    5.0221875,
    5.0265625,
    5.0275,
    5.02,
    5.0159375,
    5.02,
    5.015
  ],
  "elapsed": [
    0.08415819009145101,
    1.36735543012619,
    2.6824382543563843,
    4.001588046550751,
    5.338483285903931,
    6.677700062592824,
    7.996807420253754,
    9.333284838994343,
    10.690004237492879,
    12.032998406887055,
    13.363753100236258,
    14.731652776400248,
    16.136674376328788,
    17.554818491141003,
    18.884093709786733,
    20.197601171334586,
    21.51361014842987,
    22.843902349472046,
    24.252186969916025,
    25.63250026702881,
    26.97798679272334,
    28.339007059733074,
    29.719453660647073,
    31.1272860010465,
    32.500681885083516,
    33.06139971415202
  ],
  "wall": 1984.7373213768005
}