{
  "gain": 0.0,
  "final_vl": 5.2040625,
  "steps": [
    0,
    200,
    400,
    600,
    800,
    1000,
    1200,
    1400,
    1600,
    1800,
    2000,
    2200,
    2400,
    2600,
    2800,
    3000,
    3200,
    3400,
    3600,
    3800,
    4000,
    4200,
    4400,
    4600,
    4800,
    4883
  ],
  "val_losses": [
    10.811875,
    6.53,
    6.305,
    6.143125,
    5.9346875,
    5.79,
    5.6528125,
    5.5815625,
    5.5428125,
    5.4734375,
    5.43875,
    5.4278125,
    5.3690625,
    5.355625,
    5.3559375,
    5.325,
    5.2975,
    5.29375,
    5.263125,
    5.2646875,
    5.248125,
    5.246875,
    5.243125,
    5.2221875,
    5.2190625,
    5.2040625
  ],
  "elapsed": [
    0.08079625765482584,
    0.22028145392735798,
    0.3661700089772542,
    0.5144605755805969,
    0.6466997543970744,
    0.7965631922086079,
    0.9467735687891642,
    1.09640367825826,
    1.2455896854400634,
    1.394492268562317,
    1.544458266099294,
    1.6945455114046732,
    1.8442055543263753,
    1.994185205300649,
    2.1444029887517293,
    2.294614060719808,
    2.444347337881724,
    2.594325538476308,
    2.7445583303769427,
    2.894174877802531,
    3.044754715760549,
    3.19462749560674,
    3.3445517977078754,
    3.4948691566785177,
    3.6451881686846415,
    3.7209870139757792
  ],
  "wall": 224.24332690238953
}