{
  "gain": 0.0,
  "final_vl": 9.399375,
  "steps": [
    0,
    1,
    2,
    3,
    4,
    5,
    6,
    7
  ],
  "val_losses": [
    10.8125,
    10.75375,
    10.716875,
    10.634375,
    10.480625,
    10.205625,
    9.81,
    9.399375
  ],
  "elapsed": [
    0.10667172273000082,
    0.14549779494603474,
    0.18424270550409952,
    0.22301094532012938,
    0.26196561257044476,
    0.3007999936739604,
    0.33951946496963503,
    0.3781866510709127
  ],
  "wall": 22.983572721481323,
  "train_loss": 9.828277587890625,
  "train_tokens": 32768,
  "actual_steps": 8,
  "config": "screen3m",
  "seed": 42,
  "device": "NVIDIA A16"
}
