{
  "gain": 4.0,
  "final_vl": 4.9815625,
  "steps": [
    0,
    200,
    400,
    600,
    800,
    1000,
    1200,
    1400,
    1600,
    1800,
    2000,
    2200,
    2400,
    2600,
    2800,
    3000,
    3200,
    3400,
    3600,
    3800,
    4000,
    4200,
    4400,
    4600,
    4800,
    4883
  ],
  "val_losses": [
    10.811875,
    6.504375,
    6.1465625,
    5.903125,
    5.721875,
    5.606875,
    5.5065625,
    5.444375,
    5.415,
    5.3478125,
    5.3075,
    5.2884375,
    5.2296875,
    5.1975,
    5.1784375,
    5.14,
    5.105625,
    5.096875,
    5.0590625,
    5.0559375,
    5.0390625,
    5.0253125,
    5.0209375,
    5.0009375,
    4.9971875,
    4.9815625
  ],
  "elapsed": [
    0.18678120772043863,
    0.3223677118619283,
    0.47432408332824705,
    0.6270599166552225,
    0.7789380431175232,
    0.9283018628756206,
    1.0776116927464803,
    1.2266700585683188,
    1.3760263403256734,
    1.5263293306032817,
    1.6781122088432312,
    1.821086617310842,
    1.9720877766609193,
    2.123054615656535,
    2.2719502886136373,
    2.4209845701853436,
    2.5723601301511128,
    2.7250601132710774,
    2.875573452313741,
    3.024728508790334,
    3.1747392217318215,
    3.3241695960362754,
    3.4732826391855878,
    3.6222984313964846,
    3.7717480460802713,
    3.8457165638605755
  ],
  "wall": 231.81260204315186
}